score,signals,permit_number,address,zip,description,valuation,sqft,floors,work_class,permit_class,issue_date,contractor_company,contractor_name,contractor_phone,contractor_city,equipment,permit_link
95,"$20M+ value, 50K+ sqft, 6 floors, New",2025-154151 BP,6915 BRIDGE POINT PKWY BLDG 8,78730,ePlan: Expedited Review - New Construction of a Multi-Story Mixed Use Multi-Family Bldg. with Parking Garage - Lake View East - Module V.,830000000.0,99090.0,6,New,C- 105 Five or More Family Bldgs,2026-06-08,Harvey Cleary Builders,Hunter McBroom,(832) 986-1613,AUSTIN,"Boom Lifts, Tower Cranes, Concrete Equipment, Skid Steers",https://abc.austintexas.gov/web/permit/public-search-other?t_detail=1&t_selected_folderrsn=13623495
95,"$20M+ value, 50K+ sqft, 6 floors, New",2025-154152 BP,6915 BRIDGE POINT PKWY BLDG 9,78730,ePlan: Expedited Review - New Construction of a Multi-Story Mixed Use Multi-Family Bldg. with Parking Garage - Lake View East - Module W.,830000000.0,99090.0,6,New,C- 105 Five or More Family Bldgs,2026-06-08,Harvey Cleary Builders,Hunter McBroom,(832) 986-1613,AUSTIN,"Boom Lifts, Tower Cranes, Concrete Equipment, Skid Steers",https://abc.austintexas.gov/web/permit/public-search-other?t_detail=1&t_selected_folderrsn=13623496
95,"$20M+ value, 50K+ sqft, 13 floors, New",2025-154146 BP,6915 BRIDGE POINT PKWY BLDG 3,78730,ePlan: Expedited Review - New Construction of a Multi-Story Mixed Use Multi-Family Bldg. with Parking Garage - Lake View East - Module B,830000000.0,57022.0,13,New,C- 105 Five or More Family Bldgs,2026-06-08,Harvey Cleary Builders,Hunter McBroom,(832) 986-1613,AUSTIN,"Boom Lifts, Tower Cranes, Concrete Equipment, Skid Steers",https://abc.austintexas.gov/web/permit/public-search-other?t_detail=1&t_selected_folderrsn=13623490
95,"$20M+ value, 50K+ sqft, 6 floors, New",2026-006051 BP,512 SABINE ST,78701,ePlan: Commercial Expedited Review - [AE GREEN BUILDING] New Construction of a Mixed Use 7-Story Multi-Family Complex. Phase III - Floors 2-6.,79500000.0,129307.0,6,New,C- 105 Five or More Family Bldgs,2026-07-01,Ryan Companies US INC,Kristin Thompson,(512) 493-5927,Austin,Boom Lifts,https://abc.austintexas.gov/web/permit/public-search-other?t_detail=1&t_selected_folderrsn=13641646
95,"$20M+ value, 50K+ sqft, 6 floors, New",2026-006050 BP,512 SABINE ST,78701,ePlan: Commercial Expedited Review - [AE GREEN BUILDING] New Construction of a Mixed Use 7-Story Multi-Family Complex. Phase II - Floors 2-5.,79500000.0,90467.0,6,New,C- 105 Five or More Family Bldgs,2026-07-01,Ryan Companies US INC,Kristin Thompson,(512) 493-5927,Austin,Boom Lifts,https://abc.austintexas.gov/web/permit/public-search-other?t_detail=1&t_selected_folderrsn=13641645
95,"$20M+ value, 50K+ sqft, 6 floors, New",2026-006052 BP,512 SABINE ST BLDG GAR,78701,ePlan: Commercial Expedited Review - [AE GREEN BUILDING] New Construction of Parking Garage for Mixed Use 7-Story Multi-Family Complex.,79500000.0,94777.0,6,New,C- 321 Pkg Garage Bldg & Open Deck,2026-07-01,Ryan Companies US INC,Kristin Thompson,(512) 493-5927,Austin,"Boom Lifts, Tower Cranes, Concrete Equipment, Skid Steers",https://abc.austintexas.gov/web/permit/public-search-other?t_detail=1&t_selected_folderrsn=13641647
95,"$20M+ value, 50K+ sqft, 6 floors, Shell",2020-025520 BP,1900 ALDRICH ST,78723,EPLAN-New Construction of Office/Retail Shell Building *NOT FOR OCCUPANCY*,36000000.0,238172.0,6,Shell,"C- 324 Office, Bank & Professional Bldgs",2026-06-18,Cadence McShane Construction Company,Alexis Stecker,(512) 328-1411,AUSTIN,Cranes,https://abc.austintexas.gov/web/permit/public-search-other?t_detail=1&t_selected_folderrsn=12416559
95,"$20M+ value, 50K+ sqft, 16 floors, Shell",2023-004816 BP,1320 ART DILLY DR BLDG 1,78702,ePlan: Expedited Review - [SMART HOUSING] Level 3 Alteration to existing 16-Story High-Rise Structure to create a Congregate Living Shell Bldg. with Core Improvements. (165522 SF),30000000.0,165522.0,16,Shell,C- 105 Five or More Family Bldgs,2026-05-26,Bartlett Cocke General Contractors (MAIN),Donna Kirkpatrick,(512) 326-4223,Austin,"Boom Lifts, Tower Cranes, Cranes",https://abc.austintexas.gov/web/permit/public-search-other?t_detail=1&t_selected_folderrsn=13078510
90,"$20M+ value, 50K+ sqft, 3 floors, New",2025-154188 BP,6915 BRIDGE POINT PKWY BLDG 1,78730,ePlan: Expedited Review - New Construction of Upper Clubhouse with Garage.,830000000.0,142326.0,3,New,C- 328 Commercial Other Nonresident Bldg,2026-06-08,Harvey Cleary Builders,Hunter McBroom,(832) 986-1613,AUSTIN,"Tower Cranes, Concrete Equipment",https://abc.austintexas.gov/web/permit/public-search-other?t_detail=1&t_selected_folderrsn=13623532
90,"$20M+ value, 10K+ sqft, 6 floors, New",2025-154177 BP,6915 BRIDGE POINT PKWY BLDG 9 UNIT GAR,78730,ePlan: Expedited Review - New Construction of Parking Garage - Module W.,830000000.0,25246.0,6,New,C- 321 Pkg Garage Bldg & Open Deck,2026-06-08,Harvey Cleary Builders,Hunter McBroom,(832) 986-1613,AUSTIN,"Tower Cranes, Concrete Equipment, Skid Steers",https://abc.austintexas.gov/web/permit/public-search-other?t_detail=1&t_selected_folderrsn=13623521
90,"$20M+ value, 10K+ sqft, 13 floors, New",2025-154149 BP,6915 BRIDGE POINT PKWY BLDG 6,78730,ePlan: Expedited Review - New Construction of a Multi-Story Mixed Use Multi-Family Bldg. with Parking Garage - Lake View East - Module E.,830000000.0,47440.0,13,New,C- 105 Five or More Family Bldgs,2026-06-08,Harvey Cleary Builders,Hunter McBroom,(832) 986-1613,AUSTIN,"Boom Lifts, Tower Cranes, Concrete Equipment, Skid Steers",https://abc.austintexas.gov/web/permit/public-search-other?t_detail=1&t_selected_folderrsn=13623493
90,"$20M+ value, 10K+ sqft, 5 floors, New",2025-154173 BP,6915 BRIDGE POINT PKWY BLDG 5 UNIT GAR,78730,ePlan: Expedited Review - New Construction of Parking Garage - Module D.,830000000.0,11293.0,5,New,C- 321 Pkg Garage Bldg & Open Deck,2026-06-08,Harvey Cleary Builders,Hunter McBroom,(832) 986-1613,AUSTIN,"Tower Cranes, Concrete Equipment, Skid Steers",https://abc.austintexas.gov/web/permit/public-search-other?t_detail=1&t_selected_folderrsn=13623517
90,"$20M+ value, 10K+ sqft, 13 floors, New",2025-154148 BP,6915 BRIDGE POINT PKWY BLDG 5,78730,ePlan: Expedited Review - New Construction of a Multi-Story Mixed Use Multi-Family Bldg. with Parking Garage - Lake View East - Module D.,830000000.0,45693.0,13,New,C- 105 Five or More Family Bldgs,2026-06-08,Harvey Cleary Builders,Hunter McBroom,(832) 986-1613,AUSTIN,"Boom Lifts, Tower Cranes, Concrete Equipment, Skid Steers",https://abc.austintexas.gov/web/permit/public-search-other?t_detail=1&t_selected_folderrsn=13623492
90,"$20M+ value, 10K+ sqft, 5 floors, New",2025-154175 BP,6915 BRIDGE POINT PKWY BLDG 7 UNIT GAR,78730,ePlan: Expedited Review - New Construction of Parking Garage - Module F.,830000000.0,11932.0,5,New,C- 321 Pkg Garage Bldg & Open Deck,2026-06-08,Harvey Cleary Builders,Hunter McBroom,(832) 986-1613,AUSTIN,"Tower Cranes, Concrete Equipment, Skid Steers",https://abc.austintexas.gov/web/permit/public-search-other?t_detail=1&t_selected_folderrsn=13623519
90,"$20M+ value, 10K+ sqft, 13 floors, New",2025-154147 BP,6915 BRIDGE POINT PKWY BLDG 4,78730,ePlan: Expedited Review - New Construction of a Multi-Story Mixed Use Multi-Family Bldg. with Parking Garage - Lake View East - Module C,830000000.0,45354.0,13,New,C- 105 Five or More Family Bldgs,2026-06-08,Harvey Cleary Builders,Hunter McBroom,(832) 986-1613,AUSTIN,"Boom Lifts, Tower Cranes, Concrete Equipment, Skid Steers",https://abc.austintexas.gov/web/permit/public-search-other?t_detail=1&t_selected_folderrsn=13623491
90,"$20M+ value, 10K+ sqft, 6 floors, New",2025-154176 BP,6915 BRIDGE POINT PKWY BLDG 8 UNIT GAR,78730,ePlan: Expedited Review - New Construction of Parking Garage - Module V.,830000000.0,25246.0,6,New,C- 321 Pkg Garage Bldg & Open Deck,2026-06-08,Harvey Cleary Builders,Hunter McBroom,(832) 986-1613,AUSTIN,"Tower Cranes, Concrete Equipment, Skid Steers",https://abc.austintexas.gov/web/permit/public-search-other?t_detail=1&t_selected_folderrsn=13623520
90,"$20M+ value, 10K+ sqft, 6 floors, New",2025-154162 BP,6915 BRIDGE POINT PKWY BLDG 17,78730,ePlan: Expedited Review - New Construction of a Multi-Story Mixed Use Multi-Family Bldg. with Parking Garage - Lake View East - Module O.,830000000.0,37794.0,6,New,C- 105 Five or More Family Bldgs,2026-06-08,Harvey Cleary Builders,Hunter McBroom,(832) 986-1613,AUSTIN,"Boom Lifts, Tower Cranes, Concrete Equipment, Skid Steers",https://abc.austintexas.gov/web/permit/public-search-other?t_detail=1&t_selected_folderrsn=13623506
90,"$20M+ value, 10K+ sqft, 5 floors, New",2025-154172 BP,6915 BRIDGE POINT PKWY BLDG 4 UNIT GAR,78730,ePlan: Expedited Review - New Construction of Parking Garage - Module C.,830000000.0,11293.0,5,New,C- 321 Pkg Garage Bldg & Open Deck,2026-06-08,Harvey Cleary Builders,Hunter McBroom,(832) 986-1613,AUSTIN,"Tower Cranes, Concrete Equipment, Skid Steers",https://abc.austintexas.gov/web/permit/public-search-other?t_detail=1&t_selected_folderrsn=13623516
90,"$20M+ value, 10K+ sqft, 13 floors, New",2025-154167 BP,6915 BRIDGE POINT PKWY BLDG 2,78730,ePlan: Expedited Review - New Construction of a Multi-Family Bldg. with Parking Garage - Lake View East - Module A.,830000000.0,32676.0,13,New,C- 104 Three & Four Family Bldgs,2026-06-08,Harvey Cleary Builders,Hunter McBroom,(832) 986-1613,AUSTIN,"Tower Cranes, Concrete Equipment, Skid Steers",https://abc.austintexas.gov/web/permit/public-search-other?t_detail=1&t_selected_folderrsn=13623511
90,"$20M+ value, 10K+ sqft, 5 floors, New",2025-154179 BP,6915 BRIDGE POINT PKWY BLDG 10 UNIT GAR,78730,ePlan: Expedited Review - New Construction of Parking Garage - Module G and H.,830000000.0,18685.0,5,New,C- 321 Pkg Garage Bldg & Open Deck,2026-06-08,Harvey Cleary Builders,Hunter McBroom,(832) 986-1613,AUSTIN,"Tower Cranes, Concrete Equipment, Skid Steers",https://abc.austintexas.gov/web/permit/public-search-other?t_detail=1&t_selected_folderrsn=13623523
90,"$20M+ value, 10K+ sqft, 5 floors, New",2025-154155 BP,6915 BRIDGE POINT PKWY BLDG 12,78730,ePlan: Expedited Review - New Construction of a Multi-Story Mixed Use Multi-Family Bldg. with Parking Garage - Lake View East - Module I.,830000000.0,36922.0,5,New,C- 105 Five or More Family Bldgs,2026-06-08,Harvey Cleary Builders,Hunter McBroom,(832) 986-1613,AUSTIN,"Boom Lifts, Tower Cranes, Concrete Equipment, Skid Steers",https://abc.austintexas.gov/web/permit/public-search-other?t_detail=1&t_selected_folderrsn=13623499
90,"$20M+ value, 10K+ sqft, 5 floors, New",2025-154174 BP,6915 BRIDGE POINT PKWY BLDG 6 UNIT GAR,78730,ePlan: Expedited Review - New Construction of Parking Garage - Module E.,830000000.0,11293.0,5,New,C- 321 Pkg Garage Bldg & Open Deck,2026-06-08,Harvey Cleary Builders,Hunter McBroom,(832) 986-1613,AUSTIN,"Tower Cranes, Concrete Equipment, Skid Steers",https://abc.austintexas.gov/web/permit/public-search-other?t_detail=1&t_selected_folderrsn=13623518
90,"$20M+ value, 10K+ sqft, 6 floors, New",2025-154165 BP,6915 BRIDGE POINT PKWY BLDG 19,78730,ePlan: Expedited Review - New Construction of a Multi-Story Mixed Use Multi-Family Bldg. with Parking Garage - Lake View East - Module S.,830000000.0,45761.0,6,New,C- 105 Five or More Family Bldgs,2026-06-08,Harvey Cleary Builders,Hunter McBroom,(832) 986-1613,AUSTIN,"Boom Lifts, Tower Cranes, Concrete Equipment, Skid Steers",https://abc.austintexas.gov/web/permit/public-search-other?t_detail=1&t_selected_folderrsn=13623509
90,"$20M+ value, 10K+ sqft, 5 floors, New",2025-154158 BP,6915 BRIDGE POINT PKWY BLDG 14,78730,ePlan: Expedited Review - New Construction of a Multi-Story Mixed Use Multi-Family Bldg. with Parking Garage - Lake View East - Module L.,830000000.0,37583.0,5,New,C- 105 Five or More Family Bldgs,2026-06-08,Harvey Cleary Builders,Hunter McBroom,(832) 986-1613,AUSTIN,"Boom Lifts, Tower Cranes, Concrete Equipment, Skid Steers",https://abc.austintexas.gov/web/permit/public-search-other?t_detail=1&t_selected_folderrsn=13623502
90,"$20M+ value, 10K+ sqft, 6 floors, New",2025-154156 BP,6915 BRIDGE POINT PKWY BLDG 13,78730,ePlan: Expedited Review - New Construction of a Multi-Story Mixed Use Multi-Family Bldg. with Parking Garage - Lake View East - Module J.,830000000.0,45763.0,6,New,C- 105 Five or More Family Bldgs,2026-06-08,Harvey Cleary Builders,Hunter McBroom,(832) 986-1613,AUSTIN,"Boom Lifts, Tower Cranes, Concrete Equipment, Skid Steers",https://abc.austintexas.gov/web/permit/public-search-other?t_detail=1&t_selected_folderrsn=13623500
90,"$20M+ value, 10K+ sqft, 6 floors, New",2025-154160 BP,6915 BRIDGE POINT PKWY BLDG 15,78730,ePlan: Expedited Review - New Construction of a Multi-Story Mixed Use Multi-Family Bldg. with Parking Garage - Lake View East - Module M.,830000000.0,44096.0,6,New,C- 105 Five or More Family Bldgs,2026-06-08,Harvey Cleary Builders,Hunter McBroom,(832) 986-1613,AUSTIN,"Boom Lifts, Tower Cranes, Concrete Equipment, Skid Steers",https://abc.austintexas.gov/web/permit/public-search-other?t_detail=1&t_selected_folderrsn=13623504
90,"$20M+ value, 10K+ sqft, 5 floors, New",2025-154161 BP,6915 BRIDGE POINT PKWY BLDG 16,78730,ePlan: Expedited Review - New Construction of a Multi-Story Mixed Use Multi-Family Bldg. with Parking Garage - Lake View East - Module N.,830000000.0,36596.0,5,New,C- 105 Five or More Family Bldgs,2026-06-08,Harvey Cleary Builders,Hunter McBroom,(832) 986-1613,AUSTIN,"Boom Lifts, Tower Cranes, Concrete Equipment, Skid Steers",https://abc.austintexas.gov/web/permit/public-search-other?t_detail=1&t_selected_folderrsn=13623505
90,"$20M+ value, 10K+ sqft, 6 floors, New",2025-154184 BP,6915 BRIDGE POINT PKWY BLDG 15 UNIT GAR,78730,ePlan: Expedited Review - New Construction of Parking Garage - Module M and N.,830000000.0,18467.0,6,New,C- 321 Pkg Garage Bldg & Open Deck,2026-06-08,Harvey Cleary Builders,Hunter McBroom,(832) 986-1613,AUSTIN,"Tower Cranes, Concrete Equipment, Skid Steers",https://abc.austintexas.gov/web/permit/public-search-other?t_detail=1&t_selected_folderrsn=13623528
90,"$20M+ value, 10K+ sqft, 5 floors, New",2025-154154 BP,6915 BRIDGE POINT PKWY BLDG 11,78730,ePlan: Expedited Review - New Construction of a Multi-Story Mixed Use Multi-Family Bldg. with Parking Garage - Lake View East - Module H.,830000000.0,36840.0,5,New,C- 105 Five or More Family Bldgs,2026-06-08,Harvey Cleary Builders,Hunter McBroom,(832) 986-1613,AUSTIN,"Boom Lifts, Tower Cranes, Concrete Equipment, Skid Steers",https://abc.austintexas.gov/web/permit/public-search-other?t_detail=1&t_selected_folderrsn=13623498
90,"$20M+ value, 10K+ sqft, 6 floors, New",2025-154163 BP,6915 BRIDGE POINT PKWY BLDG 18,78730,ePlan: Expedited Review - New Construction of a Multi-Story Mixed Use Multi-Family Bldg. with Parking Garage - Lake View East - Module P.,830000000.0,35158.0,6,New,C- 105 Five or More Family Bldgs,2026-06-08,Harvey Cleary Builders,Hunter McBroom,(832) 986-1613,AUSTIN,"Boom Lifts, Tower Cranes, Concrete Equipment, Skid Steers",https://abc.austintexas.gov/web/permit/public-search-other?t_detail=1&t_selected_folderrsn=13623507
90,"$20M+ value, 50K+ sqft, 2 floors, New",2025-154191 BP,6915 BRIDGE POINT PKWY BLDG CLUB1,78730,ePlan: Expedited Review - New Athletic Center and Spa.,830000000.0,53644.0,2,New,C- 328 Commercial Other Nonresident Bldg,2026-06-08,Harvey Cleary Builders,Hunter McBroom,(832) 986-1613,AUSTIN,"Excavators, Dozers, Loaders",https://abc.austintexas.gov/web/permit/public-search-other?t_detail=1&t_selected_folderrsn=13623535
90,"$20M+ value, 10K+ sqft, 5 floors, New",2025-154180 BP,6915 BRIDGE POINT PKWY BLDG 12 UNIT GAR,78730,ePlan: Expedited Review - New Construction of Parking Garage - Module I.,830000000.0,10074.0,5,New,C- 321 Pkg Garage Bldg & Open Deck,2026-06-08,Harvey Cleary Builders,Hunter McBroom,(832) 986-1613,AUSTIN,"Tower Cranes, Concrete Equipment, Skid Steers",https://abc.austintexas.gov/web/permit/public-search-other?t_detail=1&t_selected_folderrsn=13623524
90,"$20M+ value, 10K+ sqft, 6 floors, New",2025-154187 BP,6915 BRIDGE POINT PKWY BLDG 18 UNIT GAR,78730,ePlan: Expedited Review - New Construction of Parking Garage - Module P and S.,830000000.0,18228.0,6,New,C- 321 Pkg Garage Bldg & Open Deck,2026-06-08,Harvey Cleary Builders,Hunter McBroom,(832) 986-1613,AUSTIN,"Tower Cranes, Concrete Equipment, Skid Steers",https://abc.austintexas.gov/web/permit/public-search-other?t_detail=1&t_selected_folderrsn=13623531
90,"$20M+ value, 10K+ sqft, 6 floors, New",2025-154170 BP,6915 BRIDGE POINT PKWY BLDG 3 UNIT GAR,78730,ePlan: Expedited Review - New Construction of Parking Garage - Module A and B.,830000000.0,18425.0,6,New,C- 321 Pkg Garage Bldg & Open Deck,2026-06-08,Harvey Cleary Builders,Hunter McBroom,(832) 986-1613,AUSTIN,"Tower Cranes, Concrete Equipment, Skid Steers",https://abc.austintexas.gov/web/permit/public-search-other?t_detail=1&t_selected_folderrsn=13623514
90,"$20M+ value, 10K+ sqft, 5 floors, New",2025-154153 BP,6915 BRIDGE POINT PKWY BLDG 10,78730,ePlan: Expedited Review - New Construction of a Multi-Story Mixed Use Multi-Family Bldg. with Parking Garage - Lake View East - Module G.,830000000.0,37319.0,5,New,C- 105 Five or More Family Bldgs,2026-06-08,Harvey Cleary Builders,Hunter McBroom,(832) 986-1613,AUSTIN,"Boom Lifts, Tower Cranes, Concrete Equipment, Skid Steers",https://abc.austintexas.gov/web/permit/public-search-other?t_detail=1&t_selected_folderrsn=13623497
90,"$20M+ value, 10K+ sqft, 13 floors, New",2025-154150 BP,6915 BRIDGE POINT PKWY BLDG 7,78730,ePlan: Expedited Review - New Construction of a Multi-Story Mixed Use Multi-Family Bldg. with Parking Garage - Lake View East - Module F.,830000000.0,47586.0,13,New,C- 105 Five or More Family Bldgs,2026-06-08,Harvey Cleary Builders,Hunter McBroom,(832) 986-1613,AUSTIN,"Boom Lifts, Tower Cranes, Concrete Equipment, Skid Steers",https://abc.austintexas.gov/web/permit/public-search-other?t_detail=1&t_selected_folderrsn=13623494
90,"$20M+ value, 10K+ sqft, 6 floors, New",2026-006049 BP,512 SABINE ST,78701,ePlan: Commercial Expedited Review - [AE GREEN BUILDING] New Construction of a Mixed Use 7-Story Multi-Family Complex. Phase I - 11 Residential Units within Multi-Family Complex.,79500000.0,14340.0,6,New,C- 105 Five or More Family Bldgs,2026-07-01,Ryan Companies US INC,Kristin Thompson,(512) 493-5927,Austin,Boom Lifts,https://abc.austintexas.gov/web/permit/public-search-other?t_detail=1&t_selected_folderrsn=13641644
90,"$20M+ value, 10K+ sqft, 6 floors, Shell",2026-006053 BP,512 SABINE ST,78701,ePlan: Commercial Expedited Review - [AE GREEN BUILDING] New Construction of Shell Space for Retail Phase I - First Floor. Work to include Patio Space - Not for Occupancy.,79500000.0,10986.0,6,Shell,C- 327 Stores & Customer Services,2026-07-01,Ryan Companies US INC,Kristin Thompson,(512) 493-5927,Austin,Cranes,https://abc.austintexas.gov/web/permit/public-search-other?t_detail=1&t_selected_folderrsn=13641648
90,"$20M+ value, 50K+ sqft, 2 floors, New",2026-068706 BP,6801 NORTHEAST DR BLDG A,78723,ePlan: Commercial Expedited Review - [PUBLIC PROJECT] New Construction of Elementary School. Building A consists of Admin Core Classrooms Library Community Art and Music Scopes. (87818 SF),25000000.0,72923.0,2,New,C- 326 Schools & Other Educational Bldgs,2026-06-26,Rogers-O'Brien Construction,Lilly Kelly,(214) 608-8512,AUSTIN,"Excavators, Dozers, Loaders",https://abc.austintexas.gov/web/permit/public-search-other?t_detail=1&t_selected_folderrsn=13712872
85,"$20M+ value, 5 floors, New",2025-154183 BP,6915 BRIDGE POINT PKWY BLDG 14 UNIT GAR,78730,ePlan: Expedited Review - New Construction of Parking Garage - Module L.,830000000.0,9665.0,5,New,C- 321 Pkg Garage Bldg & Open Deck,2026-06-08,Harvey Cleary Builders,Hunter McBroom,(832) 986-1613,AUSTIN,"Tower Cranes, Concrete Equipment, Skid Steers",https://abc.austintexas.gov/web/permit/public-search-other?t_detail=1&t_selected_folderrsn=13623527
85,"$20M+ value, 6 floors, New",2025-154182 BP,6915 BRIDGE POINT PKWY BLDG 13 UNIT GAR,78730,ePlan: Expedited Review - New Construction of Parking Garage - Module J.,830000000.0,9562.0,6,New,C- 321 Pkg Garage Bldg & Open Deck,2026-06-08,Harvey Cleary Builders,Hunter McBroom,(832) 986-1613,AUSTIN,"Tower Cranes, Concrete Equipment, Skid Steers",https://abc.austintexas.gov/web/permit/public-search-other?t_detail=1&t_selected_folderrsn=13623526
85,"$20M+ value, 6 floors, New",2025-154205 BP,6915 BRIDGE POINT PKWY BLDG 3,78730,ePlan: Expedited Review - New Construction of Pergola Residential Units.,830000000.0,677.0,6,New,C- 329 Com Structures Other Than Bldg,2026-06-08,Harvey Cleary Builders,Hunter McBroom,(832) 986-1613,AUSTIN,"Excavators, Dozers, Loaders",https://abc.austintexas.gov/web/permit/public-search-other?t_detail=1&t_selected_folderrsn=13623549
85,"$20M+ value, 6 floors, New",2025-154185 BP,6915 BRIDGE POINT PKWY BLDG 17 UNIT GAR,78730,ePlan: Expedited Review - New Construction of Parking Garage - Module O.,830000000.0,9599.0,6,New,C- 321 Pkg Garage Bldg & Open Deck,2026-06-08,Harvey Cleary Builders,Hunter McBroom,(832) 986-1613,AUSTIN,"Tower Cranes, Concrete Equipment, Skid Steers",https://abc.austintexas.gov/web/permit/public-search-other?t_detail=1&t_selected_folderrsn=13623529
85,"$20M+ value, 6 floors, New",2025-154206 BP,6915 BRIDGE POINT PKWY BLDG 3,78730,ePlan: Expedited Review - New Construction of Pergola - Residential Units.,830000000.0,677.0,6,New,C- 329 Com Structures Other Than Bldg,2026-06-08,Harvey Cleary Builders,Hunter McBroom,(832) 986-1613,AUSTIN,"Excavators, Dozers, Loaders",https://abc.austintexas.gov/web/permit/public-search-other?t_detail=1&t_selected_folderrsn=13623550
85,"$20M+ value, 10K+ sqft, 2 floors, New",2025-154254 BP,6915 BRIDGE POINT PKWY BLDG BD,78730,ePlan: Expedited Review - New Construction of Boat Dock an Amenity Lounge.,830000000.0,27610.0,2,New,C- 329 Com Structures Other Than Bldg,2026-06-08,Harvey Cleary Builders,Hunter McBroom,(832) 986-1613,AUSTIN,"Excavators, Dozers, Loaders",https://abc.austintexas.gov/web/permit/public-search-other?t_detail=1&t_selected_folderrsn=13623598
85,"$20M+ value, 10K+ sqft, 3 floors, New",2025-154168 BP,6915 BRIDGE POINT PKWY BLDG 1 UNIT GAR,78730,ePlan: Expedited Review - New Construction of Parking Garage - Upper Clubhouse Level B1.,830000000.0,42147.0,3,New,C- 321 Pkg Garage Bldg & Open Deck,2026-06-08,Harvey Cleary Builders,Hunter McBroom,(832) 986-1613,AUSTIN,"Tower Cranes, Concrete Equipment, Skid Steers",https://abc.austintexas.gov/web/permit/public-search-other?t_detail=1&t_selected_folderrsn=13623512
85,"$20M+ value, 6 floors, New",2025-154202 BP,6915 BRIDGE POINT PKWY BLDG 2,78730,ePlan: Expedited Review - New Construction of Pergola - Residential Units.,830000000.0,677.0,6,New,C- 329 Com Structures Other Than Bldg,2026-06-08,Harvey Cleary Builders,Hunter McBroom,(832) 986-1613,AUSTIN,"Excavators, Dozers, Loaders",https://abc.austintexas.gov/web/permit/public-search-other?t_detail=1&t_selected_folderrsn=13623546
85,"$20M+ value, 6 floors, New",2026-006054 BP,512 SABINE ST,78701,ePlan: Commercial Expedited Review - [AE GREEN BUILDING] New Construction of Leasing and Amenities Phase I First Floor. Work to include CoWork Space Fitness and Mail Room.,79500000.0,8435.0,6,New,C- 328 Commercial Other Nonresident Bldg,2026-07-01,Ryan Companies US INC,Kristin Thompson,(512) 493-5927,Austin,"Excavators, Dozers, Loaders",https://abc.austintexas.gov/web/permit/public-search-other?t_detail=1&t_selected_folderrsn=13641649
85,"$20M+ value, 6 floors, New",2026-006057 BP,512 SABINE ST BLDG GAZEBO1,78701,ePlan: Commercial Expedited Review - [AE GREEN BUILDING] New Construction of Shade Structure (Courtyard Cabana Trellis) Phase III.,79500000.0,598.0,6,New,C- 329 Com Structures Other Than Bldg,2026-07-01,Ryan Companies US INC,Kristin Thompson,(512) 493-5927,Austin,"Excavators, Dozers, Loaders",https://abc.austintexas.gov/web/permit/public-search-other?t_detail=1&t_selected_folderrsn=13641652
85,"$20M+ value, 6 floors, New",2026-006055 BP,512 SABINE ST,78701,ePlan: Commercial Expedited Review - [AE GREEN BUILDING] New Construction of Amenity Space (Roof Deck) Phase III 6thFloor.,79500000.0,1957.0,6,New,C- 328 Commercial Other Nonresident Bldg,2026-07-01,Ryan Companies US INC,Kristin Thompson,(512) 493-5927,Austin,"Excavators, Dozers, Loaders",https://abc.austintexas.gov/web/permit/public-search-other?t_detail=1&t_selected_folderrsn=13641650
85,"$20M+ value, 6 floors, New",2026-006056 BP,512 SABINE ST,78701,ePlan: Commercial Expedited Review - [AE GREEN BUILDING] New Construction of Court Yard Amenity Space Phase III First Floor.,79500000.0,1156.0,6,New,C- 329 Com Structures Other Than Bldg,2026-07-01,Ryan Companies US INC,Kristin Thompson,(512) 493-5927,Austin,"Excavators, Dozers, Loaders",https://abc.austintexas.gov/web/permit/public-search-other?t_detail=1&t_selected_folderrsn=13641651
85,"$20M+ value, 10K+ sqft, 2 floors, New",2026-068707 BP,6801 NORTHEAST DR BLDG B,78723,ePlan: Commercial Expedited Review - [PUBLIC PROJECT] New Construction of Elementary School. Building B consist of the Platform Dining Kitchen and Gym.  (87818 SF),25000000.0,14895.0,2,New,C- 326 Schools & Other Educational Bldgs,2026-07-02,Rogers-O'Brien Construction,Lilly Kelly,(214) 608-8512,AUSTIN,"Excavators, Dozers, Loaders",https://abc.austintexas.gov/web/permit/public-search-other?t_detail=1&t_selected_folderrsn=13712873
80,"$20M+ value, 10K+ sqft, New",2025-154190 BP,6915 BRIDGE POINT PKWY BLDG MAINT,78730,ePlan: Expedited Review - New Construction of Logistics Building.,830000000.0,10184.0,1,New,C- 328 Commercial Other Nonresident Bldg,2026-06-08,Harvey Cleary Builders,Hunter McBroom,(832) 986-1613,AUSTIN,Material Handling,https://abc.austintexas.gov/web/permit/public-search-other?t_detail=1&t_selected_folderrsn=13623534
80,"$20M+ value, 3 floors, New",2025-154198 BP,6915 BRIDGE POINT PKWY BLDG 1,78730,ePlan: Expedited Review - New Construction of Pergola.,830000000.0,1409.0,3,New,C- 329 Com Structures Other Than Bldg,2026-06-08,Harvey Cleary Builders,Hunter McBroom,(832) 986-1613,AUSTIN,"Excavators, Dozers, Loaders",https://abc.austintexas.gov/web/permit/public-search-other?t_detail=1&t_selected_folderrsn=13623542
80,"$20M+ value, 3 floors, New",2025-154189 BP,6915 BRIDGE POINT PKWY BLDG 1,78730,ePlan: Expedited Review - New Construction of Spa.,830000000.0,241.0,3,New,C- 328 Commercial Other Nonresident Bldg,2026-06-08,Harvey Cleary Builders,Hunter McBroom,(832) 986-1613,AUSTIN,"Excavators, Dozers, Loaders",https://abc.austintexas.gov/web/permit/public-search-other?t_detail=1&t_selected_folderrsn=13623533
80,"$20M+ value, 3 floors, New",2025-154169 BP,6915 BRIDGE POINT PKWY BLDG 2 UNIT GAR,78730,ePlan: Expedited Review - New Construction of Parking Garage - Upper Clubhouse Level B2 - Private Garage for Residential Unit.,830000000.0,4293.0,3,New,C- 321 Pkg Garage Bldg & Open Deck,2026-06-08,Harvey Cleary Builders,Hunter McBroom,(832) 986-1613,AUSTIN,"Tower Cranes, Concrete Equipment, Skid Steers",https://abc.austintexas.gov/web/permit/public-search-other?t_detail=1&t_selected_folderrsn=13623513
80,"$20M+ value, 2 floors, New",2025-154192 BP,6915 BRIDGE POINT PKWY BLDG CLUB2,78730,ePlan: Expedited Review - New Construction of Clubhouse - Lake Clubhouse.,830000000.0,7564.0,2,New,C- 328 Commercial Other Nonresident Bldg,2026-06-08,Harvey Cleary Builders,Hunter McBroom,(832) 986-1613,AUSTIN,"Excavators, Dozers, Loaders",https://abc.austintexas.gov/web/permit/public-search-other?t_detail=1&t_selected_folderrsn=13623536
80,"$20M+ value, 3 floors, New",2025-154199 BP,6915 BRIDGE POINT PKWY BLDG 1,78730,ePlan: Expedited Review - New Construction of Vanishing Edge Pool.,830000000.0,5918.0,3,New,C- 329 Com Structures Other Than Bldg,2026-06-08,Harvey Cleary Builders,Hunter McBroom,(832) 986-1613,AUSTIN,"Excavators, Dozers, Loaders",https://abc.austintexas.gov/web/permit/public-search-other?t_detail=1&t_selected_folderrsn=13623543
80,"$20M+ value, 3 floors, New",2025-154201 BP,6915 BRIDGE POINT PKWY BLDG 1,78730,ePlan: Expedited Review - New Construction of Kids Pool.,830000000.0,755.0,3,New,C- 329 Com Structures Other Than Bldg,2026-06-08,Harvey Cleary Builders,Hunter McBroom,(832) 986-1613,AUSTIN,"Excavators, Dozers, Loaders",https://abc.austintexas.gov/web/permit/public-search-other?t_detail=1&t_selected_folderrsn=13623545
80,"$20M+ value, 10K+ sqft, Addition and Remodel",2026-080239 BP,3733 DROSSETT DR,78744,Phase A of Interior renovation to existing industrial facility for photo metal & etch chemical storage and IMP areas with added new exterior equipment including wet scrubber and emergency generator.,23899293.0,26839.0,1,Addition and Remodel,"C- 437 Addn, Alter, Convn-NonRes",2026-06-26,"Braintec USA, Inc.",Piljoo Yoon,(470) 774-9784,Suwanee,"Scissor Lifts, Material Handling",https://abc.austintexas.gov/web/permit/public-search-other?t_detail=1&t_selected_folderrsn=13725815
80,"$1M+ value, 50K+ sqft, 4 floors, New",2024-138907 BP,7504 COTA VISTA DR BLDG 7,78744,ePlan: Expedited Review - New Construction of 7 4-Story Multi-Family Bldg.  (425647 SF).,2000000.0,62009.0,4,New,C- 105 Five or More Family Bldgs,2026-07-06,"Skybeck Construction, LLC",Wes Ramsey,(512) 225-9343,Austin,Boom Lifts,https://abc.austintexas.gov/web/permit/public-search-other?t_detail=1&t_selected_folderrsn=13416147
75,"$20M+ value, New",2025-154242 BP,6915 BRIDGE POINT PKWY BLDG 16,78730,ePlan: Expedited Review - New Construction of Pergola - Residential Units.,830000000.0,578.0,0,New,C- 329 Com Structures Other Than Bldg,2026-06-08,Harvey Cleary Builders,Hunter McBroom,(832) 986-1613,AUSTIN,"Excavators, Dozers, Loaders",https://abc.austintexas.gov/web/permit/public-search-other?t_detail=1&t_selected_folderrsn=13623586
75,"$20M+ value, New",2025-154214 BP,6915 BRIDGE POINT PKWY BLDG 6,78730,ePlan: Expedited Review - New Construction of Pergola - Residential Units.,830000000.0,677.0,0,New,C- 329 Com Structures Other Than Bldg,2026-06-08,Harvey Cleary Builders,Hunter McBroom,(832) 986-1613,AUSTIN,"Excavators, Dozers, Loaders",https://abc.austintexas.gov/web/permit/public-search-other?t_detail=1&t_selected_folderrsn=13623558
75,"$20M+ value, New",2025-154224 BP,6915 BRIDGE POINT PKWY BLDG 11,78730,ePlan: Expedited Review - New Construction of Pergola Residential Units.,830000000.0,578.0,0,New,C- 329 Com Structures Other Than Bldg,2026-06-08,Harvey Cleary Builders,Hunter McBroom,(832) 986-1613,AUSTIN,"Excavators, Dozers, Loaders",https://abc.austintexas.gov/web/permit/public-search-other?t_detail=1&t_selected_folderrsn=13623568
75,"$20M+ value, New",2025-154250 BP,6915 BRIDGE POINT PKWY BLDG 19,78730,ePlan: Expedited Review - New Construction of Pergola - Residential Units.,830000000.0,578.0,0,New,C- 329 Com Structures Other Than Bldg,2026-06-08,Harvey Cleary Builders,Hunter McBroom,(832) 986-1613,AUSTIN,"Excavators, Dozers, Loaders",https://abc.austintexas.gov/web/permit/public-search-other?t_detail=1&t_selected_folderrsn=13623594
75,"$20M+ value, New",2025-154253 BP,6915 BRIDGE POINT PKWY,78730,ePlan: Expedited Review - New Construction of Funicular - Upper and Lower Platforms and Pits.,830000000.0,7250.0,1,New,C- 329 Com Structures Other Than Bldg,2026-06-08,Harvey Cleary Builders,Hunter McBroom,(832) 986-1613,AUSTIN,"Excavators, Dozers, Loaders",https://abc.austintexas.gov/web/permit/public-search-other?t_detail=1&t_selected_folderrsn=13623597
75,"$20M+ value, New",2025-154208 BP,6915 BRIDGE POINT PKWY BLDG 4,78730,ePlan: Expedited Review - New Construction of Pergola - Residential Units.,830000000.0,677.0,0,New,C- 329 Com Structures Other Than Bldg,2026-06-08,Harvey Cleary Builders,Hunter McBroom,(832) 986-1613,AUSTIN,"Excavators, Dozers, Loaders",https://abc.austintexas.gov/web/permit/public-search-other?t_detail=1&t_selected_folderrsn=13623552
75,"$20M+ value, New",2025-154249 BP,6915 BRIDGE POINT PKWY BLDG 18,78730,ePlan: Expedited Review - New Construction of Pergola - Residential Units.,830000000.0,578.0,0,New,C- 329 Com Structures Other Than Bldg,2026-06-08,Harvey Cleary Builders,Hunter McBroom,(832) 986-1613,AUSTIN,"Excavators, Dozers, Loaders",https://abc.austintexas.gov/web/permit/public-search-other?t_detail=1&t_selected_folderrsn=13623593
75,"$20M+ value, New",2025-154219 BP,6915 BRIDGE POINT PKWY BLDG 10,78730,ePlan: Expedited Review - New Construction of Pergola - Residential Units.,830000000.0,578.0,0,New,C- 329 Com Structures Other Than Bldg,2026-06-08,Harvey Cleary Builders,Hunter McBroom,(832) 986-1613,AUSTIN,"Excavators, Dozers, Loaders",https://abc.austintexas.gov/web/permit/public-search-other?t_detail=1&t_selected_folderrsn=13623563
75,"$20M+ value, New",2025-154207 BP,6915 BRIDGE POINT PKWY BLDG 4,78730,ePlan: Expedited Review - New Construction of Pergola - Residential Units.,830000000.0,677.0,0,New,C- 329 Com Structures Other Than Bldg,2026-06-08,Harvey Cleary Builders,Hunter McBroom,(832) 986-1613,AUSTIN,"Excavators, Dozers, Loaders",https://abc.austintexas.gov/web/permit/public-search-other?t_detail=1&t_selected_folderrsn=13623551
75,"$20M+ value, New",2025-154227 BP,6915 BRIDGE POINT PKWY BLDG 12,78730,ePlan: Expedited Review - New Construction of Pergola Residential Units.,830000000.0,578.0,0,New,C- 329 Com Structures Other Than Bldg,2026-06-08,Harvey Cleary Builders,Hunter McBroom,(832) 986-1613,AUSTIN,"Excavators, Dozers, Loaders",https://abc.austintexas.gov/web/permit/public-search-other?t_detail=1&t_selected_folderrsn=13623571
75,"$20M+ value, New",2025-154247 BP,6915 BRIDGE POINT PKWY BLDG 18,78730,ePlan: Expedited Review - New Construction of Pergola - Residential Units.,830000000.0,578.0,0,New,C- 329 Com Structures Other Than Bldg,2026-06-08,Harvey Cleary Builders,Hunter McBroom,(832) 986-1613,AUSTIN,"Excavators, Dozers, Loaders",https://abc.austintexas.gov/web/permit/public-search-other?t_detail=1&t_selected_folderrsn=13623591
75,"$20M+ value, New",2025-154210 BP,6915 BRIDGE POINT PKWY BLDG 5,78730,ePlan: Expedited Review - New Construction of Pergola - Residential Units.,830000000.0,677.0,0,New,C- 329 Com Structures Other Than Bldg,2026-06-08,Harvey Cleary Builders,Hunter McBroom,(832) 986-1613,AUSTIN,"Excavators, Dozers, Loaders",https://abc.austintexas.gov/web/permit/public-search-other?t_detail=1&t_selected_folderrsn=13623554
75,"$20M+ value, New",2025-154216 BP,6915 BRIDGE POINT PKWY BLDG 7,78730,ePlan: Expedited Review - New Construction of Pergola - Residential Units.,830000000.0,677.0,0,New,C- 329 Com Structures Other Than Bldg,2026-06-08,Harvey Cleary Builders,Hunter McBroom,(832) 986-1613,AUSTIN,"Excavators, Dozers, Loaders",https://abc.austintexas.gov/web/permit/public-search-other?t_detail=1&t_selected_folderrsn=13623560
75,"$20M+ value, New",2025-154246 BP,6915 BRIDGE POINT PKWY BLDG 17,78730,ePlan: Expedited Review - New Construction of Pergola - Residential Units.,830000000.0,578.0,0,New,C- 329 Com Structures Other Than Bldg,2026-06-08,Harvey Cleary Builders,Hunter McBroom,(832) 986-1613,AUSTIN,"Excavators, Dozers, Loaders",https://abc.austintexas.gov/web/permit/public-search-other?t_detail=1&t_selected_folderrsn=13623590
75,"$20M+ value, New",2025-154240 BP,6915 BRIDGE POINT PKWY BLDG 15,78730,ePlan: Expedited Review - New Construction of Pergola - Residential Units.,830000000.0,578.0,0,New,C- 329 Com Structures Other Than Bldg,2026-06-08,Harvey Cleary Builders,Hunter McBroom,(832) 986-1613,AUSTIN,"Excavators, Dozers, Loaders",https://abc.austintexas.gov/web/permit/public-search-other?t_detail=1&t_selected_folderrsn=13623584
75,"$20M+ value, New",2025-154232 BP,6915 BRIDGE POINT PKWY BLDG 13,78730,ePlan: Expedited Review - New Construction of Pergola - Residential Units.,830000000.0,578.0,0,New,C- 329 Com Structures Other Than Bldg,2026-06-08,Harvey Cleary Builders,Hunter McBroom,(832) 986-1613,AUSTIN,"Excavators, Dozers, Loaders",https://abc.austintexas.gov/web/permit/public-search-other?t_detail=1&t_selected_folderrsn=13623576
75,"$20M+ value, New",2025-154220 BP,6915 BRIDGE POINT PKWY BLDG 10,78730,ePlan: Expedited Review - New Construction of Pergola - Residential Units.,830000000.0,578.0,0,New,C- 329 Com Structures Other Than Bldg,2026-06-08,Harvey Cleary Builders,Hunter McBroom,(832) 986-1613,AUSTIN,"Excavators, Dozers, Loaders",https://abc.austintexas.gov/web/permit/public-search-other?t_detail=1&t_selected_folderrsn=13623564
75,"$20M+ value, New",2025-154243 BP,6915 BRIDGE POINT PKWY BLDG 16,78730,ePlan: Expedited Review - New Construction of Pergola - Residential Units.,830000000.0,578.0,0,New,C- 329 Com Structures Other Than Bldg,2026-06-08,Harvey Cleary Builders,Hunter McBroom,(832) 986-1613,AUSTIN,"Excavators, Dozers, Loaders",https://abc.austintexas.gov/web/permit/public-search-other?t_detail=1&t_selected_folderrsn=13623587
75,"$20M+ value, New",2025-154251 BP,6915 BRIDGE POINT PKWY BLDG 19,78730,ePlan: Expedited Review - New Construction of Pergola - Residential Units.,830000000.0,578.0,0,New,C- 329 Com Structures Other Than Bldg,2026-06-08,Harvey Cleary Builders,Hunter McBroom,(832) 986-1613,AUSTIN,"Excavators, Dozers, Loaders",https://abc.austintexas.gov/web/permit/public-search-other?t_detail=1&t_selected_folderrsn=13623595
75,"$20M+ value, New",2025-154197 BP,6915 BRIDGE POINT PKWY BLDG GATE2,78730,ePlan: Expedited Review - New Construction of Gatehouse - Service and Delivery Entry.,830000000.0,320.0,1,New,C- 328 Commercial Other Nonresident Bldg,2026-06-08,Harvey Cleary Builders,Hunter McBroom,(832) 986-1613,AUSTIN,"Excavators, Dozers, Loaders",https://abc.austintexas.gov/web/permit/public-search-other?t_detail=1&t_selected_folderrsn=13623541
75,"$20M+ value, New",2025-154218 BP,6915 BRIDGE POINT PKWY BLDG 7,78730,ePlan: Expedited Review - New Construction of Pergola - Residential Units.,830000000.0,677.0,0,New,C- 329 Com Structures Other Than Bldg,2026-06-08,Harvey Cleary Builders,Hunter McBroom,(832) 986-1613,AUSTIN,"Excavators, Dozers, Loaders",https://abc.austintexas.gov/web/permit/public-search-other?t_detail=1&t_selected_folderrsn=13623562
75,"$20M+ value, New",2025-154229 BP,6915 BRIDGE POINT PKWY BLDG 12,78730,ePlan: Expedited Review - New Construction of Pergola - Residential Units.,830000000.0,578.0,0,New,C- 329 Com Structures Other Than Bldg,2026-06-08,Harvey Cleary Builders,Hunter McBroom,(832) 986-1613,AUSTIN,"Excavators, Dozers, Loaders",https://abc.austintexas.gov/web/permit/public-search-other?t_detail=1&t_selected_folderrsn=13623573
75,"$20M+ value, New",2025-154215 BP,6915 BRIDGE POINT PKWY BLDG 6,78730,ePlan: Expedited Review - New Construction of Pergola - Residential Units.,830000000.0,677.0,0,New,C- 329 Com Structures Other Than Bldg,2026-06-08,Harvey Cleary Builders,Hunter McBroom,(832) 986-1613,AUSTIN,"Excavators, Dozers, Loaders",https://abc.austintexas.gov/web/permit/public-search-other?t_detail=1&t_selected_folderrsn=13623559
75,"$20M+ value, New",2025-154244 BP,6915 BRIDGE POINT PKWY BLDG 17,78730,ePlan: Expedited Review - New Construction of Pergola - Residential Units.,830000000.0,578.0,0,New,C- 329 Com Structures Other Than Bldg,2026-06-08,Harvey Cleary Builders,Hunter McBroom,(832) 986-1613,AUSTIN,"Excavators, Dozers, Loaders",https://abc.austintexas.gov/web/permit/public-search-other?t_detail=1&t_selected_folderrsn=13623588
75,"$20M+ value, New",2025-154234 BP,6915 BRIDGE POINT PKWY BLDG 14,78730,ePlan: Expedited Review - New Construction of Pergola - Residential Units.,830000000.0,578.0,0,New,C- 329 Com Structures Other Than Bldg,2026-06-08,Harvey Cleary Builders,Hunter McBroom,(832) 986-1613,AUSTIN,"Excavators, Dozers, Loaders",https://abc.austintexas.gov/web/permit/public-search-other?t_detail=1&t_selected_folderrsn=13623578
75,"$20M+ value, New",2025-154237 BP,6915 BRIDGE POINT PKWY BLDG 14,78730,ePlan: Expedited Review - New Construction of Pergola - Residential Units.,830000000.0,578.0,0,New,C- 329 Com Structures Other Than Bldg,2026-06-08,Harvey Cleary Builders,Hunter McBroom,(832) 986-1613,AUSTIN,"Excavators, Dozers, Loaders",https://abc.austintexas.gov/web/permit/public-search-other?t_detail=1&t_selected_folderrsn=13623581
75,"$20M+ value, New",2025-154213 BP,6915 BRIDGE POINT PKWY BLDG 5,78730,ePlan: Expedited Review - New Construction of Pergola - Residential Units.,830000000.0,677.0,0,New,C- 329 Com Structures Other Than Bldg,2026-06-08,Harvey Cleary Builders,Hunter McBroom,(832) 986-1613,AUSTIN,"Excavators, Dozers, Loaders",https://abc.austintexas.gov/web/permit/public-search-other?t_detail=1&t_selected_folderrsn=13623557
75,"$20M+ value, New",2025-154194 BP,6915 BRIDGE POINT PKWY BLDG GATE1,78730,ePlan: Expedited Review - New Construction of Gatehouse - Residential and Guest Entry.,830000000.0,320.0,1,New,C- 328 Commercial Other Nonresident Bldg,2026-06-08,Harvey Cleary Builders,Hunter McBroom,(832) 986-1613,AUSTIN,"Excavators, Dozers, Loaders",https://abc.austintexas.gov/web/permit/public-search-other?t_detail=1&t_selected_folderrsn=13623538
75,"$20M+ value, New",2025-154225 BP,6915 BRIDGE POINT PKWY BLDG 11,78730,ePlan: Expedited Review - New Construction of Pergola - Residential Units.,830000000.0,578.0,0,New,C- 329 Com Structures Other Than Bldg,2026-06-08,Harvey Cleary Builders,Hunter McBroom,(832) 986-1613,AUSTIN,"Excavators, Dozers, Loaders",https://abc.austintexas.gov/web/permit/public-search-other?t_detail=1&t_selected_folderrsn=13623569
75,"$20M+ value, New",2025-154233 BP,6915 BRIDGE POINT PKWY BLDG 13,78730,ePlan: Expedited Review - New Construction of Pergola - Residential Units.,830000000.0,578.0,0,New,C- 329 Com Structures Other Than Bldg,2026-06-08,Harvey Cleary Builders,Hunter McBroom,(832) 986-1613,AUSTIN,"Excavators, Dozers, Loaders",https://abc.austintexas.gov/web/permit/public-search-other?t_detail=1&t_selected_folderrsn=13623577
75,"$20M+ value, New",2025-154241 BP,6915 BRIDGE POINT PKWY BLDG 15,78730,ePlan: Expedited Review - New Construction of Pergola - Residential Units.,830000000.0,578.0,0,New,C- 329 Com Structures Other Than Bldg,2026-06-08,Harvey Cleary Builders,Hunter McBroom,(832) 986-1613,AUSTIN,"Excavators, Dozers, Loaders",https://abc.austintexas.gov/web/permit/public-search-other?t_detail=1&t_selected_folderrsn=13623585
75,"$20M+ value, Addition and Remodel",2026-080240 BP,3733 DROSSETT DR,78744,Phase B of Interior renovation to existing industrial facility CU area with added new exterior equipment including wet scrubber.,23899293.0,7451.0,1,Addition and Remodel,"C- 437 Addn, Alter, Convn-NonRes",2026-06-26,"Braintec USA, Inc.",Piljoo Yoon,(470) 774-9784,Suwanee,"Scissor Lifts, Material Handling",https://abc.austintexas.gov/web/permit/public-search-other?t_detail=1&t_selected_folderrsn=13725816
70,"$5M+ value, 10K+ sqft, New",2026-046324 BP,700 SOLITUDE DR BLDG 2,78660,New shell building and finish-out for banquet hall (Building 1-5499 sf). New Construction of shell building (Building 2 - 14023 sf and 3 - 9371 sf) with interior finish outs. Oncor electric WO #2643964. (12 apps),6904310.0,14023.0,1,New,"C- 324 Office, Bank & Professional Bldgs",2026-05-27,Protrac Solutions LLC,Michael Nussbaum,(956) 220-8896,AUSTIN,"Cranes, Scissor Lifts",https://abc.austintexas.gov/web/permit/public-search-other?t_detail=1&t_selected_folderrsn=13687307
70,"$5M+ value, 10K+ sqft, New",2026-059493 BP,8306 CROSS PARK DR,78754,New Construction of Office Warehouse.,5000000.0,44396.0,1,New,C- 320 Industrial Bldgs,2026-05-18,Flynn Construction***Main,Preston Flynn,(512) 440-7643,Austin,"Cranes, Material Handling",https://abc.austintexas.gov/web/permit/public-search-other?t_detail=1&t_selected_folderrsn=13702484
70,"$1M+ value, 50K+ sqft, New",2026-058058 BP,13802 FM 812 RD,78617,Pre Fabricated Engineered Building for Office / Warehouse.,2500000.0,78000.0,1,New,C- 320 Industrial Bldgs,2026-05-27,Diamond One Construction Inc DBA Steelwood Inc,Mark Lukacs,(858) 679-2000,Ramona,"Cranes, Material Handling",https://abc.austintexas.gov/web/permit/public-search-other?t_detail=1&t_selected_folderrsn=13700910
60,$5M+ value,2026-074216 BP,108 W GIBSON ST UNIT FLR1,78704,Interior Non-Structural Demolition,7225219.0,0.0,1,Interior Demo Non-Structural,C-1000 Commercial Remodel,2026-06-23,Rand Construction Corporation,Matt Dausch,(512) 893-8700,AUSTIN,"Dozers, Loaders, Scissor Lifts",https://abc.austintexas.gov/web/permit/public-search-other?t_detail=1&t_selected_folderrsn=13719105
60,$5M+ value,2026-074225 BP,108 W GIBSON ST UNIT BSMT,78704,Interior Non-Structural Demolition,7225219.0,0.0,1,Interior Demo Non-Structural,C-1000 Commercial Remodel,2026-06-23,Rand Construction Corporation,Matt Dausch,(512) 893-8700,AUSTIN,"Dozers, Loaders, Scissor Lifts",https://abc.austintexas.gov/web/permit/public-search-other?t_detail=1&t_selected_folderrsn=13719114
60,$5M+ value,2026-074222 BP,108 W GIBSON ST UNIT FLR2,78704,Interior Non-Structural Demolition,7225219.0,0.0,1,Interior Demo Non-Structural,C-1000 Commercial Remodel,2026-06-23,Rand Construction Corporation,Matt Dausch,(512) 893-8700,AUSTIN,"Dozers, Loaders, Scissor Lifts",https://abc.austintexas.gov/web/permit/public-search-other?t_detail=1&t_selected_folderrsn=13719111
60,"$1M+ value, New",2026-064343 BP,5010 W US 290 HWY WB,78735,Rebuild of full service commercial restaurant with associated site work and landscaping.,3400000.0,6365.0,1,New,C- 327 Stores & Customer Services,2026-05-22,"Jerry Kachel Builders, Inc",Scott Beam,(502) 523-2922,Spring,"Excavators, Loaders, Skid Steers",https://abc.austintexas.gov/web/permit/public-search-other?t_detail=1&t_selected_folderrsn=13707968
60,"$1M+ value, New",2026-087872 BP,714 E BEN WHITE BLVD SVRD WB,78704,New Construction of an Express Car Wash.,3000000.0,4560.0,1,New,C- 322 Service Station & Repair Garage,2026-07-09,HCI Commercial,Jon Young,(817) 350-4332,Dallas,"Excavators, Dozers, Loaders",https://abc.austintexas.gov/web/permit/public-search-other?t_detail=1&t_selected_folderrsn=13734434
60,"$1M+ value, Addition and Remodel",2025-158291 BP,1010 E CESAR CHAVEZ ST,78702,Interior remodel to existing restaurant with dining room addition.,2300000.0,522.0,1,Addition and Remodel,"C- 437 Addn, Alter, Convn-NonRes",2026-05-20,AR Lucas Construction,Adam Lucas,(512) 801-7221,AUSTIN,Scissor Lifts,https://abc.austintexas.gov/web/permit/public-search-other?t_detail=1&t_selected_folderrsn=13628457
60,"$1M+ value, New",2026-066242 BP,601 W BRAKER LN BLDG 1,78753,Change of Use from Religious Assembly to Admin/Bus Office with minor interior remodel. 2026-012346 DA,1800000.0,5496.0,1,New,C- 319 Churches and Othr Religious Bldgs,2026-05-28,Braun and Butler Construction,Colin Juren,(512) 837-2882,LEANDER,Scissor Lifts,https://abc.austintexas.gov/web/permit/public-search-other?t_detail=1&t_selected_folderrsn=13710118
55,$1M+ value,2026-072568 BP,9825 SPECTRUM DR BLDG 4 UNIT 400,78717,Interior Non Structural Demo - Phase 2 - Admin Areas,4500000.0,0.0,1,Interior Demo Non-Structural,C-1000 Commercial Remodel,2026-06-12,The Beck Group,Ryan Torgerson,(210) 216-8338,Dallas,Scissor Lifts,https://abc.austintexas.gov/web/permit/public-search-other?t_detail=1&t_selected_folderrsn=13717252
